Region,"1896,Athletics","1896,Cycling","1896,Fencing","1896,Gymnastics","1896,Shooting","1896,Swimming","1896,Tennis","1896,Weightlifting","1896,Wrestling","1900,Archery","1900,Athletics","1900,Basque Pelota","1900,Cricket","1900,Croquet","1900,Cycling","1900,Equestrianism","1900,Fencing","1900,Football","1900,Golf","1900,Gymnastics","1900,Polo","1900,Rowing","1900,Rugby","1900,Sailing","1900,Shooting","1900,Swimming","1900,Tennis","1900,Tug-Of-War","1900,Water Polo","1904,Archery","1904,Athletics","1904,Boxing","1904,Cycling","1904,Diving","1904,Fencing","1904,Football","1904,Golf","1904,Gymnastics","1904,Lacrosse","1904,Roque","1904,Rowing","1904,Swimming","1904,Tennis","1904,Tug-Of-War","1904,Water Polo","1904,Weightlifting","1904,Wrestling","1906,Athletics","1906,Cycling","1906,Diving","1906,Fencing","1906,Football","1906,Gymnastics","1906,Rowing","1906,Shooting","1906,Swimming","1906,Tennis","1906,Tug-Of-War","1906,Weightlifting","1906,Wrestling","1908,Archery","1908,Athletics","1908,Boxing","1908,Cycling","1908,Diving","1908,Fencing","1908,Figure Skating","1908,Football","1908,Gymnastics","1908,Hockey","1908,Jeu De Paume","1908,Lacrosse","1908,Motorboating","1908,Polo","1908,Racquets","1908,Rowing","1908,Rugby","1908,Sailing","1908,Shooting","1908,Swimming","1908,Tennis","1908,Tug-Of-War","1908,Water Polo","1908,Wrestling","1912,Art Competitions","1912,Athletics","1912,Cycling","1912,Diving","1912,Equestrianism","1912,Fencing","1912,Football","1912,Gymnastics","1912,Modern Pentathlon","1912,Rowing","1912,Sailing","1912,Shooting","1912,Swimming","1912,Tennis","1912,Tug-Of-War","1912,Water Polo","1912,Wrestling","1920,Archery","1920,Art Competitions","1920,Athletics","1920,Boxing","1920,Cycling","1920,Diving","1920,Equestrianism","1920,Fencing","1920,Figure Skating","1920,Football","1920,Gymnastics","1920,Hockey","1920,Ice Hockey","1920,Modern Pentathlon","1920,Polo","1920,Rowing","1920,Rugby","1920,Sailing","1920,Shooting","1920,Swimming","1920,Tennis","1920,Tug-Of-War","1920,Water Polo","1920,Weightlifting","1920,Wrestling","1924,Art Competitions","1924,Athletics","1924,Boxing","1924,Cycling","1924,Diving","1924,Equestrianism","1924,Fencing","1924,Football","1924,Gymnastics","1924,Modern Pentathlon","1924,Polo","1924,Rowing","1924,Rugby","1924,Sailing","1924,Shooting","1924,Swimming","1924,Tennis","1924,Water Polo","1924,Weightlifting","1924,Wrestling","1928,Art Competitions","1928,Athletics","1928,Boxing","1928,Cycling","1928,Diving","1928,Equestrianism","1928,Fencing","1928,Football","1928,Gymnastics","1928,Hockey","1928,Modern Pentathlon","1928,Rowing","1928,Sailing","1928,Swimming","1928,Water Polo","1928,Weightlifting","1928,Wrestling","1932,Alpinism","1932,Art Competitions","1932,Athletics","1932,Boxing","1932,Cycling","1932,Diving","1932,Equestrianism","1932,Fencing","1932,Gymnastics","1932,Hockey","1932,Modern Pentathlon","1932,Rowing","1932,Sailing","1932,Shooting","1932,Swimming","1932,Water Polo","1932,Weightlifting","1932,Wrestling","1936,Aeronautics","1936,Alpinism","1936,Art Competitions","1936,Athletics","1936,Basketball","1936,Boxing","1936,Canoeing","1936,Cycling","1936,Diving","1936,Equestrianism","1936,Fencing","1936,Football","1936,Gymnastics","1936,Handball","1936,Hockey","1936,Modern Pentathlon","1936,Polo","1936,Rowing","1936,Sailing","1936,Shooting","1936,Swimming","1936,Water Polo","1936,Weightlifting","1936,Wrestling","1948,Art Competitions","1948,Athletics","1948,Basketball","1948,Boxing","1948,Canoeing","1948,Cycling","1948,Diving","1948,Equestrianism","1948,Fencing","1948,Football","1948,Gymnastics","1948,Hockey","1948,Modern Pentathlon","1948,Rowing","1948,Sailing","1948,Shooting","1948,Swimming","1948,Water Polo","1948,Weightlifting","1948,Wrestling","1952,Athletics","1952,Basketball","1952,Boxing","1952,Canoeing","1952,Cycling","1952,Diving","1952,Equestrianism","1952,Fencing","1952,Football","1952,Gymnastics","1952,Hockey","1952,Modern Pentathlon","1952,Rowing","1952,Sailing","1952,Shooting","1952,Swimming","1952,Water Polo","1952,Weightlifting","1952,Wrestling","1956,Athletics","1956,Basketball","1956,Boxing","1956,Canoeing","1956,Cycling","1956,Diving","1956,Equestrianism","1956,Fencing","1956,Football","1956,Gymnastics","1956,Hockey","1956,Modern Pentathlon","1956,Rowing","1956,Sailing","1956,Shooting","1956,Swimming","1956,Water Polo","1956,Weightlifting","1956,Wrestling","1960,Athletics","1960,Basketball","1960,Boxing","1960,Canoeing","1960,Cycling","1960,Diving","1960,Equestrianism","1960,Fencing","1960,Football","1960,Gymnastics","1960,Hockey","1960,Modern Pentathlon","1960,Rowing","1960,Sailing","1960,Shooting","1960,Swimming","1960,Water Polo","1960,Weightlifting","1960,Wrestling","1964,Athletics","1964,Basketball","1964,Boxing","1964,Canoeing","1964,Cycling","1964,Diving","1964,Equestrianism","1964,Fencing","1964,Football","1964,Gymnastics","1964,Hockey","1964,Judo","1964,Modern Pentathlon","1964,Rowing","1964,Sailing","1964,Shooting","1964,Swimming","1964,Volleyball","1964,Water Polo","1964,Weightlifting","1964,Wrestling","1968,Athletics","1968,Basketball","1968,Boxing","1968,Canoeing","1968,Cycling","1968,Diving","1968,Equestrianism","1968,Fencing","1968,Football","1968,Gymnastics","1968,Hockey","1968,Modern Pentathlon","1968,Rowing","1968,Sailing","1968,Shooting","1968,Swimming","1968,Volleyball","1968,Water Polo","1968,Weightlifting","1968,Wrestling","1972,Archery","1972,Athletics","1972,Basketball","1972,Boxing","1972,Canoeing","1972,Cycling","1972,Diving","1972,Equestrianism","1972,Fencing","1972,Football","1972,Gymnastics","1972,Handball","1972,Hockey","1972,Judo","1972,Modern Pentathlon","1972,Rowing","1972,Sailing","1972,Shooting","1972,Swimming","1972,Volleyball","1972,Water Polo","1972,Weightlifting","1972,Wrestling","1976,Archery","1976,Athletics","1976,Basketball","1976,Boxing","1976,Canoeing","1976,Cycling","1976,Diving","1976,Equestrianism","1976,Fencing","1976,Football","1976,Gymnastics","1976,Handball","1976,Hockey","1976,Judo","1976,Modern Pentathlon","1976,Rowing","1976,Sailing","1976,Shooting","1976,Swimming","1976,Volleyball","1976,Water Polo","1976,Weightlifting","1976,Wrestling","1980,Archery","1980,Athletics","1980,Basketball","1980,Boxing","1980,Canoeing","1980,Cycling","1980,Diving","1980,Equestrianism","1980,Fencing","1980,Football","1980,Gymnastics","1980,Handball","1980,Hockey","1980,Judo","1980,Modern Pentathlon","1980,Rowing","1980,Sailing","1980,Shooting","1980,Swimming","1980,Volleyball","1980,Water Polo","1980,Weightlifting","1980,Wrestling","1984,Archery","1984,Athletics","1984,Basketball","1984,Boxing","1984,Canoeing","1984,Cycling","1984,Diving","1984,Equestrianism","1984,Fencing","1984,Football","1984,Gymnastics","1984,Handball","1984,Hockey","1984,Judo","1984,Modern Pentathlon","1984,Rhythmic Gymnastics","1984,Rowing","1984,Sailing","1984,Shooting","1984,Swimming","1984,Synchronized Swimming","1984,Volleyball","1984,Water Polo","1984,Weightlifting","1984,Wrestling","1988,Archery","1988,Athletics","1988,Basketball","1988,Boxing","1988,Canoeing","1988,Cycling","1988,Diving","1988,Equestrianism","1988,Fencing","1988,Football","1988,Gymnastics","1988,Handball","1988,Hockey","1988,Judo","1988,Modern Pentathlon","1988,Rhythmic Gymnastics","1988,Rowing","1988,Sailing","1988,Shooting","1988,Swimming","1988,Synchronized Swimming","1988,Table Tennis","1988,Tennis","1988,Volleyball","1988,Water Polo","1988,Weightlifting","1988,Wrestling","1992,Archery","1992,Athletics","1992,Badminton","1992,Baseball","1992,Basketball","1992,Boxing","1992,Canoeing","1992,Cycling","1992,Diving","1992,Equestrianism","1992,Fencing","1992,Football","1992,Gymnastics","1992,Handball","1992,Hockey","1992,Judo","1992,Modern Pentathlon","1992,Rhythmic Gymnastics","1992,Rowing","1992,Sailing","1992,Shooting","1992,Swimming","1992,Synchronized Swimming","1992,Table Tennis","1992,Tennis","1992,Volleyball","1992,Water Polo","1992,Weightlifting","1992,Wrestling","1996,Archery","1996,Athletics","1996,Badminton","1996,Baseball","1996,Basketball","1996,Beach Volleyball","1996,Boxing","1996,Canoeing","1996,Cycling","1996,Diving","1996,Equestrianism","1996,Fencing","1996,Football","1996,Gymnastics","1996,Handball","1996,Hockey","1996,Judo","1996,Modern Pentathlon","1996,Rhythmic Gymnastics","1996,Rowing","1996,Sailing","1996,Shooting","1996,Softball","1996,Swimming","1996,Synchronized Swimming","1996,Table Tennis","1996,Tennis","1996,Volleyball","1996,Water Polo","1996,Weightlifting","1996,Wrestling","2000,Archery","2000,Athletics","2000,Badminton","2000,Baseball","2000,Basketball","2000,Beach Volleyball","2000,Boxing","2000,Canoeing","2000,Cycling","2000,Diving","2000,Equestrianism","2000,Fencing","2000,Football","2000,Gymnastics","2000,Handball","2000,Hockey","2000,Judo","2000,Modern Pentathlon","2000,Rhythmic Gymnastics","2000,Rowing","2000,Sailing","2000,Shooting","2000,Softball","2000,Swimming","2000,Synchronized Swimming","2000,Table Tennis","2000,Taekwondo","2000,Tennis","2000,Trampolining","2000,Triathlon","2000,Volleyball","2000,Water Polo","2000,Weightlifting","2000,Wrestling","2004,Archery","2004,Athletics","2004,Badminton","2004,Baseball","2004,Basketball","2004,Beach Volleyball","2004,Boxing","2004,Canoeing","2004,Cycling","2004,Diving","2004,Equestrianism","2004,Fencing","2004,Football","2004,Gymnastics","2004,Handball","2004,Hockey","2004,Judo","2004,Modern Pentathlon","2004,Rhythmic Gymnastics","2004,Rowing","2004,Sailing","2004,Shooting","2004,Softball","2004,Swimming","2004,Synchronized Swimming","2004,Table Tennis","2004,Taekwondo","2004,Tennis","2004,Trampolining","2004,Triathlon","2004,Volleyball","2004,Water Polo","2004,Weightlifting","2004,Wrestling","2008,Archery","2008,Athletics","2008,Badminton","2008,Baseball","2008,Basketball","2008,Beach Volleyball","2008,Boxing","2008,Canoeing","2008,Cycling","2008,Diving","2008,Equestrianism","2008,Fencing","2008,Football","2008,Gymnastics","2008,Handball","2008,Hockey","2008,Judo","2008,Modern Pentathlon","2008,Rhythmic Gymnastics","2008,Rowing","2008,Sailing","2008,Shooting","2008,Softball","2008,Swimming","2008,Synchronized Swimming","2008,Table Tennis","2008,Taekwondo","2008,Tennis","2008,Trampolining","2008,Triathlon","2008,Volleyball","2008,Water Polo","2008,Weightlifting","2008,Wrestling","2012,Archery","2012,Athletics","2012,Badminton","2012,Basketball","2012,Beach Volleyball","2012,Boxing","2012,Canoeing","2012,Cycling","2012,Diving","2012,Equestrianism","2012,Fencing","2012,Football","2012,Gymnastics","2012,Handball","2012,Hockey","2012,Judo","2012,Modern Pentathlon","2012,Rhythmic Gymnastics","2012,Rowing","2012,Sailing","2012,Shooting","2012,Swimming","2012,Synchronized Swimming","2012,Table Tennis","2012,Taekwondo","2012,Tennis","2012,Trampolining","2012,Triathlon","2012,Volleyball","2012,Water Polo","2012,Weightlifting","2012,Wrestling","2016,Archery","2016,Athletics","2016,Badminton","2016,Basketball","2016,Beach Volleyball","2016,Boxing","2016,Canoeing","2016,Cycling","2016,Diving","2016,Equestrianism","2016,Fencing","2016,Football","2016,Golf","2016,Gymnastics","2016,Handball","2016,Hockey","2016,Judo","2016,Modern Pentathlon","2016,Rhythmic Gymnastics","2016,Rowing","2016,Rugby Sevens","2016,Sailing","2016,Shooting","2016,Swimming","2016,Synchronized Swimming","2016,Table Tennis","2016,Taekwondo","2016,Tennis","2016,Trampolining","2016,Triathlon","2016,Volleyball","2016,Water Polo","2016,Weightlifting","2016,Wrestling"
Dummy,0,0,0,0,0,0,0,0,0,0,0,0,0,0,0,0,0,0,0,0,0,0,0,0,0,0,0,0,0,0,0,0,0,0,0,0,0,0,0,0,0,0,0,0,0,0,0,0,0,0,0,0,0,0,0,0,0,0,0,0,0,0,0,0,0,0,0,0,0,0,0,0,0,0,0,0,0,0,0,0,0,0,0,0,0,0,0,0,0,0,0,0,0,0,0,0,0,0,0,0,0,0,0,0,0,0,0,0,0,0,0,0,0,0,0,0,0,0,0,0,0,0,0,0,0,0,0,0,0,0,0,0,0,0,0,0,0,0,0,0,0,0,0,0,0,0,0,0,0,0,0,0,0,0,0,0,0,0,0,0,0,0,0,0,0,0,0,0,0,0,0,0,0,0,0,0,0,0,0,0,0,0,0,0,0,0,0,0,0,0,0,0,0,0,0,0,0,0,0,0,0,0,0,0,0,0,0,0,0,0,0,0,0,0,0,0,0,0,0,0,0,0,0,0,0,0,0,0,0,0,0,0,0,0,0,0,0,0,0,0,0,0,0,0,0,0,0,0,0,0,0,0,0,0,0,0,0,0,0,0,0,0,0,0,0,0,0,0,0,0,0,0,0,0,0,0,0,0,0,0,0,0,0,0,0,0,0,0,0,0,0,0,0,0,0,0,0,0,0,0,0,0,0,0,0,0,0,0,0,0,0,0,0,0,0,0,0,0,0,0,0,0,0,0,0,0,0,0,0,0,0,0,0,0,0,0,0,0,0,0,0,0,0,0,0,0,0,0,0,0,0,0,0,0,0,0,0,0,0,0,0,0,0,0,0,0,0,0,0,0,0,0,0,0,0,0,0,0,0,0,0,0,0,0,0,0,0,0,0,0,0,0,0,0,0,0,0,0,0,0,0,0,0,0,0,0,0,0,0,0,0,0,0,0,0,0,0,0,0,0,0,0,0,0,0,0,0,0,0,0,0,0,0,0,0,0,0,0,0,0,0,0,0,0,0,0,0,0,0,0,0,0,0,0,0,0,0,0,0,0,0,0,0,0,0,0,0,0,0,0,0,0,0,0,0,0,0,0,0,0,0,0,0,0,0,0,0,0,0,0,0,0,0,0,0,0,0,0,0,0,0,0,0,0,0,0,0,0,0,0,0,0,0,0,0,0,0,0,0,0,0,0,0,0,0,0,0,0,0,0,0,0,0,0,0,0,0,0,0,0,0,0,0,0,0,0,0,0,0,0,0,0,0,0,0,0,0,0,0,0,0,0,0,0,0,0,0,0,0,0,0,0,0,0,0,0,0,0,0,0,0,0,0,0,0,0,0,0,0,0,0,0,0,0,0,0,0,0,0,0,0,0,0,0,0,0,0,0,0,0,0,0,0,0,0,0,0,0,0,0,0,0,0,0,0,0,0,0,0,0,0,0,0,0,0,0,0,0,0,0,0,0,0,0,0,0,0,0,0,0,0,0,0,0,0,0,0,0,0,0,0,0,0,0,0,0,0,0,0,0,0,0
Australia,,,,,,,,,,,,,,,,,,,,,,,,,,,,,,,,,,,,,,,,,,,,,,,,,,,,,,,,,,,,,,1.00,1.00,,,,,,,,,,,,,,15.00,,,2.00,,,,,,,,,,,,,,,,,9.00,1.00,,,,,,,,,,,,,,,,,,,,,,,,,,,,,,,,,,,,,,,,,,,,,,,,,,,,,,,,,,,,,,,,,,,,,,,,,,,,,,,,,,,,,,,,,,,,,,,,,,,,,,,,,,,,,,,,,,,,,,,,,,,,,,,,,,,,,,,,,,,,,,,,,,,,,,,,,,,,,,,,,,,,,,,,,,,,,,,,,,,,,,,,,,,,,,,,,,,,,,,,,,,,,,,,,,,,,,,,,,,,,,,,,,,,,,,,,,,,,,,,,,,,,,,,,,,,,,,,,,,,,,,,,,,,,,,,,,,,,,,,,,,,,,,,,,,,,,,,,,,,,,,,,,,,,,,,,,,,,,,,,,,,,,,,,,,,,,,,,,,,,,,,,,,,,,,,,,,,,,,,,,,,,,,,,,,,,,,,,,,,,,,,,,,,,,,,,,,,,,,,,,,,,,,,,,,,,,,,,,,,,,,,,,,,,,,,,,,,,,,,,,,,,,,,,,,,,,,,,,,,,,,,,,,,,,,,,,,,,,,,,,,,,,,,,,,,,,,,,,,,,,,,,,,,,,,,,,,,,,,,,,,,,,,,,,,,,,,,,,,,,,,,,,,,,,,,,,,,,,,,,,,,,,,,,,,,,,
Australia,2.00,,,,,,1.00,,,,4.00,,,,,,,,,,,,,,,2.00,,,,,,,,,,,,,,,,4.00,,,,,,2.00,,,,,,,,1.00,,,,,,,,,,,,,,,,,,,,,,,,,,,,,,,,,,,,,,,,,,,,,,,,1.00,,,,,,,,,,,,,,,,,6.00,,,,,,,1.00,,,1.00,,,,,,,,,,,8.00,,,,,,,,1.00,,,,,,,,1.00,,2.00,,,,,,,,1.00,,,,,,,1.00,,,2.00,,,1.00,,,,1.00,,,,,,,,,,,,,,,,,,,,,,9.00,,,,,,,,,,,,1.00,,,4.00,,,2.00,4.00,,,,4.00,,,,,,,,10.00,,,1.00,,1.00,,19.00,,1.00,2.00,3.00,,,,,,,,12.00,5.00,,25.00,,,,4.00,,2.00,,,,6.00,,,,,,,,,34.00,,,,6.00,,,,,,,,,,14.00,1.00,,,3.00,,20.00,,,,,6.00,,,,,,4.00,,,,14.00,,9.00,,,18.00,,,,,,2.00,,,,3.00,,,,,,,,,,,5.00,,10.00,,,,,,,,,,,,4.00,,,,,15.00,,,,3.00,,1.00,,,,,,1.00,,,1.00,,,,,,,,,,,,,,11.00,,,,,,3.00,,,2.00,4.00,,,,,,,,,,,18.00,2.00,1.00,20.00,,,,2.00,,,2.00,,1.00,3.00,8.00,,,,,,,16.00,,,,,,,3.00,,,2.00,,,,,,2.00,,,,,6.00,8.00,,5.00,,,,,16.00,,,,6.00,3.00,,9.00,,,2.00,,,,,,2.00,,,12.00,2.00,,5.00,9.00,,4.00,,,,,32.00,,,,16.00,4.00,3.00,15.00,25.00,,,2.00,,,1.00,,1.00,3.00,,,12.00,2.00,,3.00,9.00,4.00,5.00,,,,,32.00,1.00,,,21.00,7.00,3.00,15.00,46.00,,,2.00,2.00,1.00,1.00,,13.00,,,1.00,6.00,,24.00,12.00,,,3.00,17.00,9.00,,,,,,16.00,,,,19.00,,2.00,15.00,31.00,,,,1.00,,1.00,,,,,,4.00,,,12.00,,,8.00,1.00,3.00,5.00,,,,,17.00,,,,8.00,6.00,1.00,15.00,54.00,,,,,,2.00,,13.00,,,,3.00,,12.00,,,5.00,10.00,1.00,,,,,,16.00,,,,13.00,8.00,,32.00,,,,,,1.00,,13.00,,,3.00,2.00,,,,,3.00,6.00,2.00,4.00,,,,,,,,1.00,,9.00,12.00,7.00,1.00,32.00,,,,,,,,,,
Belgium,,,,,,,,,,7.00,,,,,,5.00,,9.00,,,,9.00,,,3.00,,,,10.00,,,,,,,,,,,,,,,,,,,1.00,1.00,,6.00,,,2.00,,,,,,1.00,,,,1.00,,7.00,,,,,,,,,,9.00,,3.00,6.00,,,,7.00,,,,,,1.00,8.00,,,,1.00,,,,,,9.00,,45.00,6.00,,,5.00,,12.00,7.00,,14.00,48.00,14.00,,,,,,11.00,6.00,1.00,,8.00,8.00,3.00,,,,2.00,9.00,,,14.00,,,,,,,1.00,,1.00,,11.00,,1.00,,,1.00,,,,,,,,,3.00,,,,,1.00,,1.00,,,,,,,,,,,,,,,,,,,1.00,,,,,4.00,,,,,,,,,,,,,,9.00,,,,2.00,,1.00,,6.00,,,6.00,,,,,,,,,,,,,,,,6.00,,,,,,,,2.00,,,,,,,,,,,,,,,,,,,,1.00,,,,,1.00,1.00,,,,2.00,,,,,,,,,1.00,,,,,,1.00,,,,2.00,,,,,,,,,,,,,,,,,,,,,2.00,,,,,,,,,,,,,,1.00,,,2.00,,,,,,,,,,,,,,,,,,,,,,,3.00,,,,1.00,,5.00,,,,,,,,,,,,,,,,,,,,,,,,,,,,,1.00,,,,,,,,,,,,,,,1.00,,,,,,,,,,,3.00,,,1.00,,,,,,,,,,,,,,,,,,,1.00,,,,,1.00,,,,,,,,,,,,,,,,1.00,,,,,,,,1.00,,,1.00,,,,,,,,,,,,,,,,,,,,,,,,,,,4.00,,,,1.00,,,1.00,,,,,,,,,,,,,,,,3.00,,,,,,,,2.00,,,,,,,,,,,2.00,,,,,,,,,,,,,,,1.00,,,,,,,,1.00,,,,,,,,,,,1.00,,,,,,,,5.00,,,,,,,,,,,,,,,,,,,,,,,,,,,,,,,,,,,,,,,,,,,,,,,,1.00,,,,1.00,1.00,,,,,,,,,,,,,1.00,,,,,,2.00,,,,,,,,16.00,1.00,,,,,,,1.00,,,,,,,,,,
Brazil,,,,,,,,,,,,,,,,,,,,,,,,,,,,,,,,,,,,,,,,,,,,,,,,,,,,,,,,,,,,,,,,,,,,,,,,,,,,,,,,,,,,,,,,,,,,,,,,,,,,,,,,,,,,,,,,,,,,,,,,7.00,,,,,,,,,,,,,,,,,,,,,,,,,,,,,,,,,,,,,,,,,,,,,,,,,,,,,,,,,,,,,,,,,,,,,,,,,,,,,,,,,,,,,,,,10.00,,,,,,,,,,,,,,,,,,2.00,,,,,,,,,,,,,,,1.00,,,,1.00,,,,,,,,,,,,,,,,,,,,12.00,,,,,,,,,,,,,,1.00,,,,,12.00,,,,,,,,,,,,,,,,,,,,1.00,,1.00,,,,,,,,,,,2.00,,,,,,,,1.00,,,,,,,,,,,,1.00,,,,,,,,,,,1.00,,,,,,,,,,,,,,,2.00,,,,,,,,1.00,,,,,,,,,,,,,,,4.00,,4.00,,,,,,1.00,,,,,,,,16.00,,,,3.00,,,,3.00,,1.00,,12.00,,,,,2.00,,,,,,,,16.00,,,,1.00,,,,4.00,,,,,,,,,,,,,,,,,,,,,,,,,1.00,,,,,,1.00,,,,12.00,,,,,4.00,,,12.00,4.00,,,,,4.00,,17.00,,,,2.00,,,,5.00,,,3.00,,,,12.00,,,,,5.00,,,12.00,6.00,,,,,4.00,,,,,,2.00,,,,3.00,,,4.00,,,,,,,12.00,,,,,1.00,,,,4.00,,,,,1.00,,17.00,,,,2.00,,,,3.00,,,,,,,,,,12.00,,,,,5.00,,,,4.00,,,,,,,35.00,,,,3.00,,,,4.00,,,2.00,,,1.00,,,,24.00,,,,,,,,4.00,3.00,,,,,,18.00,1.00,,,4.00,1.00,,,2.00,,2.00,,,,,,,24.00,,,,,1.00,,,4.00,1.00,4.00,,,,,17.00,,3.00,,,3.00,,,,,2.00,1.00,1.00,,,1.00,,,,12.00,,,
Canada,,,,,,,,,,,2.00,,,,,,,,,,,,,,,,,,,,1.00,,,,,13.00,1.00,,24.00,,9.00,,,,,,,2.00,,,,,,,,,,,,,,6.00,,4.00,,,,,,,,12.00,,,,15.00,,,14.00,,,,,1.00,,5.00,,,,,,,,1.00,,,2.00,,,,,,,1.00,5.00,,,,,,,,,8.00,,,,,,,2.00,,,,,,,,1.00,,,,,,,,,13.00,,,6.00,,,,,,,14.00,1.00,,,,,,,,,11.00,,4.00,,,3.00,,1.00,15.00,1.00,,,,,,,,11.00,10.00,,,,,1.00,,,,7.00,9.00,,5.00,,,,,,,,,,,,,,,,,1.00,1.00,4.00,,,2.00,,,,,,,,,,,,,,,,,,,2.00,,,,,,,,,,,1.00,,,1.00,,,,,,,1.00,3.00,,,,,,13.00,,2.00,,,,,,,,,,,,,,,,,9.00,,,,,,,2.00,,,,,,,,,,,1.00,,2.00,,,,,,,,,,,,,,3.00,,,,,,,,,7.00,,,,,,,,,,,,,,,,,,,,,3.00,,8.00,,,,,,1.00,,,1.00,,,1.00,,,,,,,,,,,20.00,,,,,,,,,,,,,,,,,,,,,,,,,,,,,15.00,,3.00,12.00,2.00,1.00,,,,,,,1.00,,1.00,23.00,6.00,1.00,16.00,3.00,,,1.00,2.00,,1.00,,3.00,,,,4.00,,,,,,,,,,2.00,,10.00,3.00,,,,,,,,3.00,,,,2.00,,1.00,,,,,,,,1.00,,,25.00,2.00,,6.00,3.00,,,,,,1.00,,6.00,,,,2.00,1.00,1.00,5.00,1.00,,,,,,,,,,21.00,,,,3.00,9.00,,,,,,1.00,,,,,,,,2.00,,3.00,,,,,,,1.00,,,9.00,,,,1.00,8.00,,1.00,2.00,2.00,1.00,,,,1.00,,,,,,,,3.00,2.00,3.00,,,,1.00,,,,,,4.00,2.00,,,,,,,,1.00,,,,,1.00,,2.00,,,,,,2.00,,2.00,5.00,,,,,,,,,17.00,,,,1.00,,,1.00,,2.00,1.00,,,,2.00,,1.00,,,,,3.00,3.00,4.00,,,18.00,,,,1.00,,,18.00,,,3.00,,,,,1.00,,,,1.00,2.00,,10.00,,,,,,6.00,3.00,1.00,,18.00,,,,,,,,2.00,12.00,,,15.00,,,,,1.00,,,,,1.00
China,,,,,,,,,,,,,,,,,,,,,,,,,,,,,,,,,,,,,,,,,,,,,,,,,,,,,,,,,,,,,,,,,,,,,,,,,,,,,,,,,,,,,,,,,,,,,,,,,,,,,,,,,,,,,,,,,,,,,,,,,,,,,,,,,,,,,,,,,,,,,,,,,,,,,,,,,,,,,,,,,,,,,,,,,,,,,,,,,,,,,,,,,,,,,,,,,,,,,,,,,,,,,,,,,,,,,,,,,,,,,,,,,,,,,,,,,,,,,,,,,,,,,,,,,,,,,,,,,,,,,,,,,,,,,,,,,,,,,,,,,,,,,,,,,,,,,,,,,,,,,,,,,,,,,,,,,,,,,,,,,,,,,,,,,,,,,,,,,,,,,,,,,,,,,,,,,,,,,,,,,,,,,,,,,,,,,,,,,,,,,,,,,,,,,,,,,1.00,1.00,12.00,,,,3.00,,1.00,,21.00,13.00,,,,,,,6.00,,,10.00,,6.00,,,1.00,,,,,6.00,,,,2.00,,,,,,14.00,,2.00,4.00,,7.00,,11.00,,5.00,,3.00,4.00,8.00,,11.00,,,,5.00,,1.00,,13.00,,,3.00,,,2.00,1.00,4.00,13.00,,9.00,,,,4.00,1.00,1.00,4.00,7.00,,,,,,,5.00,,,15.00,12.00,,,2.00,,,2.00,,5.00,15.00,12.00,,12.00,,9.00,,4.00,1.00,,1.00,12.00,,,,,,1.00,14.00,,6.00,,12.00,,,4.00,,,,,8.00,,,,12.00,1.00,,,,,,7.00,1.00,3.00,2.00,8.00,,,,1.00,2.00,1.00,12.00,,6.00,,3.00,,,5.00,,,,1.00,9.00,,6.00,,9.00,2.00,2.00,1.00,,12.00,,8.00,1.00,7.00,2.00,12.00,,,4.00,4.00,2.00,1.00,15.00,,5.00,,24.00,,16.00,4.00,,6.00,6.00,2.00,8.00,,14.00,9.00,12.00,2.00,2.00,3.00,,12.00,,9.00,3.00,4.00,6.00,12.00,,,3.00,,4.00,14.00,,6.00,,12.00,,,2.00,1.00,,2.00,1.00,7.00,15.00,11.00,10.00,3.00,,4.00,,,,7.00,1.00,,6.00,5.00,,,4.00,,2.00,14.00,,5.00,,1.00,10.00,,,2.00,,,3.00,,1.00,7.00,6.00,11.00,10.00,2.00,,3.00,,12.00,,7.00,2.00
China,,,,,,,,,,,,,,,,,,,,,,,,,,,,,,,,,,,,,,,,,,,,,,,,,,,,,,,,,,,,,,,,,,,,,,,,,,,,,,,,,,,,,,,,,,,,,,,,,,,,,,,,,,,,,,,,,,,,,,,,,,,,,,,,,,,,,,,,,,,,,,,,,,,,,,,,,,,,,,,,,,,,,,,,,,,,,,,,,,,,,,,,,,,,,,,,,,,,,,,,,,,,,,,,,,,,,,,,,,,,,,,,,,,,,,,,,,,,,,,,,,,,,,,,,,,,,,,,,,,,,,,,,,,,,,,,,,,,,,,,,,,,,,,,,,,,,,,,,,,,,,,,,,,,,,,,,,,,,,,,,,,,,,,,,,,,,,,,,,,,,,,,,,,,,,,,,,,,,,,,,,,,,,,,,,,,,,,,,,,,,,,,,,,,,,,,,,,,,,,,,,,,,,,,,,,,,,,,,,,,,,,,,,,,,,,,,,,,,,,,,,,,,,,,,,,,,,,,,,,,,,,,,,,,,,,,,,,,,,,,,,,,,,,,,,,,,,1.00,,,,,,,,,,,,,,,,,,,,,,,,,,,,,,,,,,,,,,,,,,,,,,,,,,,,,,,,,,,,,,,,,,,,,,2.00,,,,,,,,,,,,,,,,,,,,,,,,,,,,,,,,,,,,,,,,,,,,,,,,,,1.00,,,,,,,,,,,,,,,,,,,,,,,,,,,,,,,,,,,,,,,,,,,,,,,,,,,,,,,,,,
Finland,,,,,,,,,,,,,,,,,,,,,,,,,,,,,,,,,,,,,,,,,,,,,,,,2.00,,,,,,,,,,,,2.00,,1.00,,,,,,,26.00,,,,,,,,,,,,,,,3.00,,20.00,,,,,,20.00,,,19.00,5.00,,,,,7.00,,,21.00,,,,,,2.00,,,,,,,,,,15.00,2.00,,,,,12.00,,27.00,,,,,,,,,,,,1.00,8.00,,,,,16.00,,14.00,,,,,,,1.00,,,,1.00,,,,9.00,,,11.00,1.00,,,,,9.00,,,,,,,,,8.00,,,1.00,10.00,,1.00,,,,,,,9.00,,,,,,,,,,,6.00,4.00,3.00,,,5.00,,,,,,17.00,,,,,1.00,,,,3.00,1.00,,5.00,8.00,,,,,,8.00,,3.00,4.00,5.00,2.00,,,,4.00,3.00,,1.00,,,,,,,6.00,,5.00,5.00,,2.00,,,,4.00,1.00,,1.00,,,,,,,1.00,,,2.00,,1.00,,,,,1.00,,1.00,,,,,,,1.00,,,,,,2.00,,,,,,1.00,,1.00,,,,,,,1.00,,,,,,,,,1.00,,1.00,4.00,,1.00,,,,,,,,,,,3.00,,,,,,,,1.00,,4.00,,,,,,,,,,,,,,1.00,,,,,,,1.00,2.00,2.00,,,,,,,,,,,,,,1.00,3.00,,,,,,1.00,,4.00,,1.00,,,,,,,,,,,,,1.00,,1.00,,,,,2.00,3.00,,2.00,,,,,,,,,,,,,,,,,,,,,,,,,2.00,3.00,1.00,,,,1.00,1.00,,,,,,,,,,,,,,,1.00,,,,,,,,,2.00,,,,,,,,,,,,,,,,,,,,,,1.00,,,,,,,1.00,,1.00,,,,,,,,,,,,,,,,,,,2.00,1.00,,,,,,,,,,,,1.00,,,,,,,,,,,,,,,,,,,,,,1.00,,,,,,,,,,,,1.00,,1.00,,,,,,,,,,,,,,,,,,2.00,,2.00,,,,,,,,,,,,,,1.00,,,,,,,,,,,,,,,,,,4.00,,,,,,,,,,,,,,,,,,1.00,,,,,,,,,,,,,,,,,,,,,,,,,,,,
France,2.00,6.00,3.00,,,,,,,13.00,10.00,,3.00,8.00,5.00,8.00,15.00,13.00,,3.00,4.00,16.00,15.00,72.00,14.00,12.00,5.00,5.00,14.00,,2.00,,,,,,,,,,,,,,,,,1.00,7.00,,8.00,3.00,4.00,18.00,16.00,,6.00,,1.00,,3.00,6.00,,6.00,,10.00,,,1.00,,,,1.00,,,,,3.00,10.00,,,,,,1.00,5.00,,,6.00,,,1.00,,,3.00,2.00,,8.00,,,,27.00,1.00,10.00,3.00,5.00,,4.00,24.00,,,28.00,,,,,5.00,15.00,3.00,6.00,,7.00,,,3.00,,3.00,8.00,1.00,10.00,,1.00,19.00,,13.00,,,9.00,19.00,5.00,6.00,,6.00,7.00,2.00,1.00,4.00,3.00,1.00,1.00,,2.00,15.00,,,,,3.00,6.00,,9.00,3.00,3.00,,3.00,1.00,,8.00,,5.00,13.00,,,,3.00,1.00,,1.00,,3.00,2.00,,,,,,2.00,1.00,14.00,,3.00,13.00,,,,,,,8.00,,1.00,,,1.00,1.00,3.00,11.00,14.00,,6.00,12.00,,6.00,14.00,,,,,,,,5.00,,,1.00,2.00,,1.00,3.00,4.00,1.00,3.00,13.00,,,,,7.00,,,6.00,,,,1.00,,2.00,2.00,10.00,,,13.00,,,,,4.00,,,,,1.00,,2.00,,,,,,4.00,,,,,,5.00,,,,,,1.00,5.00,,1.00,2.00,2.00,,4.00,13.00,,,,,,3.00,,,1.00,,,,,5.00,,,,6.00,,4.00,6.00,,,,3.00,,,,1.00,,,,2.00,,5.00,,,2.00,1.00,,,7.00,,,,,3.00,,,3.00,1.00,,,,,,,1.00,,,,1.00,,4.00,11.00,,1.00,,,1.00,,,,,,,,1.00,,,4.00,,,1.00,2.00,,,18.00,,,,,4.00,,,,,,,,,,,4.00,,1.00,9.00,1.00,,,23.00,16.00,1.00,,,3.00,3.00,,,2.00,2.00,2.00,,,,,,,4.00,,1.00,2.00,,,6.00,7.00,,,,,2.00,,,,4.00,1.00,2.00,,,,,,,,1.00,1.00,,,,,6.00,5.00,,4.00,9.00,,,16.00,,7.00,,,,3.00,1.00,3.00,,1.00,,,,,,,4.00,,,,,,4.00,12.00,,1.00,11.00,,,,,6.00,,,10.00,,2.00,,,,,,,,,1.00,,,,,12.00,,2.00,3.00,10.00,,,14.00,,2.00,,,6.00,,,8.00,,2.00,,1.00,2.00,2.00,1.00,1.00,,,,,,,,5.00,,,,,1.00,3.00,5.00,,5.00,14.00,,1.00,,,1.00,,,4.00,3.00,,,6.00,,,2.00,1.00,,,,,,2.00,3.00,2.00,,,,,3.00,3.00,9.00,,,8.00,,2.00,15.00,,4.00,,,8.00,4.00,1.00,,11.00,,,1.00,,,,,,1.00,2.00,,6.00,,12.00,,,2.00,6.00,,,,,1.00,15.00,,7.00,,,2.00,1.00,2.00,21.00,,,2.00,4.00,,,,,,1.00,1.00,6.00,,,,6.00,4.00,3.00,,9.00,9.00,,,,31.00,,5.00,1.00,,6.00,,4.00,2.00,8.00,,,1.00,,,,,,,
Germany,,,,,,,,,,,,,,,,,,,,,,,,,,,,,,,,,,,,,,,,,,,,,,,,,,,,,,,,,,,,,,,,,,,,,,,,,,,,,,,,,,,,,,,,,,,,,,,,,,,,,,,,,,,,,,,,,,,,,,,,,,,,,,,,,,,,,,,,,,,,,,,,,,,,,,,,,,,,,,,,,,,,,,,,,,,,,,,,,,,,,,,,,,,,,,,,,,,,,,,,,,,,,,,,,,,,,,,,,,,,,,,,,,,,,,,,,,,,,,,,,,,,,,,,,,,,,,,,,,,,,,,,,,,,,,,,,,,,,,,,,,,,,,,,,,,,,,,,,,,,,,,,11.00,,1.00,4.00,5.00,,8.00,,,,,,11.00,2.00,3.00,5.00,,,,1.00,,20.00,,2.00,6.00,6.00,,13.00,,,,,18.00,2.00,,9.00,4.00,1.00,18.00,,,1.00,2.00,,15.00,,1.00,,5.00,,15.00,12.00,,1.00,,,1.00,,10.00,6.00,3.00,7.00,,,,2.00,,,,,,,,,,,,,,,,,,,,,,,,,16.00,,1.00,4.00,8.00,,12.00,17.00,,,15.00,32.00,3.00,,1.00,7.00,2.00,1.00,21.00,,,12.00,3.00,3.00,,9.00,,1.00,,4.00,,14.00,19.00,18.00,,,16.00,2.00,,,14.00,,3.00,8.00,,,3.00,,,3.00,1.00,,,,,,,,,,,,,,,,,,,,,,,,,,,,,,,,,,,,,,,,,,,,,,,,,,,,,,,,,,,,,,,,,,,,,,,,,,,,,,,,,,,,,,,,,,,,,,,,,,,,,,,,,,,,,,,,,,,,,,,,,,,,,,,,,,,,,,,,,,,,,,,,,,,,,,,,,,,,,,,,,,,,,,,,,,,,,,,,,,,,,,,,,,,,,,,,,,,,,,,,,,,,,,,,,,,,,,,,,,,,,,,,,,,,
Germany,,,,,,,,,,,,,,,,,,,,,,,,,,,,,,,,,,,,,,,,,,,,,,,,,,,,,,,,,,,,,,,,,,,,,,,,,,,,,,,,,,,,,,,,,,,,,,,,,,,,,,,,,,,,,,,,,,,,,,,,,,,,,,,,,,,,,,,,,,,,,,,,,,,,,,,,,,,,,,,,,,,,,,,,,,,,,,,,,,,,,,,,,,,,,,,,,,,,,,,,,,,,,,,,,,,,,,,,,,,,,,,,,,,,,,,,,,,,,,,,,,,,,,,,,,,,,,,,,,,,,,,,,,,,,,,,,,,,,,,,,,,,,,,,,,,,,,,,,,,,,,,,6.00,,1.00,,,,,,,14.00,,,11.00,3.00,2.00,13.00,,,,2.00,,26.00,,1.00,8.00,7.00,2.00,,,17.00,19.00,,,1.00,,26.00,3.00,2.00,24.00,12.00,,2.00,1.00,,36.00,,2.00,13.00,3.00,1.00,,,17.00,14.00,14.00,,,,54.00,4.00,4.00,28.00,,,3.00,2.00,,38.00,,6.00,14.00,10.00,4.00,,,17.00,21.00,28.00,,5.00,,55.00,2.00,6.00,42.00,12.00,,3.00,1.00,,,,,,,,,,,,,,,,,,,,,,,,,,,34.00,,3.00,17.00,13.00,,,1.00,,18.00,,,3.00,,,38.00,3.00,2.00,45.00,,,,,,3.00,1.00,,,,,,,,,,,,,,,,,,,,,,,,,,,,,,,,,,,,,,,,,,,,,,,,,,,,,,,,,,,,,,,,,,,,,,,,,,,,,,,,,,,,,,,,,,,,,,,,,,,,,,,,,,,,,,,,,,,,,,,,,,,,,,,,,,,,,,,,,,,,,,,,,,,,,,,,,,,,,,,,,,,,,,,,,,,,,,,,,,,,,,,,,,,,,,,,,,,,,,,,,,,,,,,,,,,,,,,,,,,,,,,,,,,,
Germany,1.00,1.00,,28.00,,,1.00,,1.00,,,,,,1.00,,,,,,,16.00,15.00,8.00,,5.00,,,,,1.00,,,1.00,,,,2.00,,,,8.00,,1.00,,2.00,1.00,2.00,4.00,2.00,7.00,,,,,4.00,,8.00,3.00,,,5.00,,5.00,3.00,,3.00,,,,,,,,,3.00,,,,1.00,1.00,,,,1.00,2.00,,4.00,10.00,,,,,14.00,,7.00,10.00,4.00,,,1.00,,,,,,,,,,,,,,,,,,,,,,,,,,,,,,,,,,,,,,,,,,,,,,8.00,18.00,1.00,2.00,,5.00,3.00,,,19.00,1.00,2.00,,3.00,8.00,3.00,4.00,2.00,3.00,8.00,3.00,,,,,,,,11.00,,1.00,,8.00,3.00,4.00,,,14.00,22.00,,5.00,10.00,4.00,2.00,13.00,13.00,,27.00,22.00,22.00,1.00,,26.00,9.00,3.00,8.00,11.00,5.00,7.00,,,,,,,,,,,,,,,,,,,,,14.00,,2.00,5.00,2.00,1.00,8.00,,,1.00,,,3.00,3.00,,1.00,,,,10.00,,2.00,6.00,4.00,,12.00,,,1.00,11.00,,3.00,,,2.00,,,1.00,22.00,,1.00,7.00,11.00,2.00,4.00,5.00,,,,,18.00,3.00,2.00,10.00,,,4.00,10.00,,3.00,9.00,6.00,2.00,13.00,5.00,19.00,7.00,,2.00,,17.00,4.00,,15.00,,,,4.00,,,,,,,,,,,,,,,,,,,,,,,,,,,,,,,,,,,,,,,,,,,,,,,,,,,,,,,,,,,,,,,,,,,,,,,,,,,,,,,,,,,,,,,,,,,,,,,,,,,,,,,,,,,,,,,,,,,,,,,,,,,,,,,,,,,,,,,,,,,,,,,10.00,,,,4.00,22.00,13.00,1.00,13.00,15.00,,3.00,,32.00,2.00,,,42.00,,3.00,27.00,,2.00,3.00,,,3.00,3.00,3.00,10.00,,,,,4.00,20.00,2.00,2.00,10.00,3.00,,1.00,,,5.00,,,18.00,3.00,4.00,,30.00,,1.00,2.00,,,3.00,3.00,3.00,5.00,,,,2.00,1.00,17.00,14.00,3.00,10.00,9.00,17.00,,,,1.00,,,14.00,6.00,,,11.00,,,1.00,1.00,,1.00,,,2.00,,,2.00,,,,,2.00,19.00,8.00,2.00,9.00,6.00,17.00,,15.00,32.00,4.00,,,9.00,,3.00,,17.00,,,,2.00,2.00,,,,,,,1.00,,,,,,18.00,5.00,4.00,11.00,2.00,16.00,2.00,,17.00,1.00,1.00,,6.00,2.00,4.00,,3.00,,3.00,,,,1.00,,,1.00,1.00,,8.00,,,2.00,,14.00,9.00,,10.00,5.00,,3.00,,16.00,4.00,,,17.00,,,1.00,,4.00,1.00,,,,,,,,1.00,3.00,,,2.00,1.00,16.00,3.00,1.00,15.00,,35.00,,2.00,15.00,33.00,1.00,,,17.00,,2.00,4.00,,,6.00,,1.00,,,,,,1.00
Greece,10.00,4.00,5.00,6.00,9.00,6.00,4.00,2.00,2.00,,,,,,,,,,,,,,,,,,,,,,1.00,,,,,,,,,,,,,,,1.00,,7.00,,,7.00,11.00,2.00,49.00,8.00,,9.00,8.00,1.00,,,3.00,,,,,,,,,,,,,,,,,1.00,,,,,,,2.00,,,,,,,,,,,,,,,,,,,,,,,,,,,,,,,,,,5.00,,,,,,,1.00,,,,,,,,,,,,,,,,,,,,,,,,,,,,,,,,,,,,,,,,,,,,,,,,,,,,,,,,,,,,,,,,,,,,,,,,,,,,,,,,,,,,,,,,,,,,,,,,,,,,,,,,,,,,,,,,,,,,,,1.00,,,,,,,,,,,,,,,,,,,,,,,,,,,,,,,,3.00,,,,,,,,,,,,,,,,,,,,,,,,,,,,,,,,,,,,,,,,,,,,,,1.00,,,,,,,,,,,,,,,,,1.00,,,,,,1.00,,,,,,,,,,,,,,,,,,,,,,,,,,,,,,,,,,,,,,,,3.00,,,,,,2.00,,,,,,,,,,,,,,,,,,,,,,,,,2.00,,,,,,,,,,,,,,,,,,,,,,,,,,,1.00,,1.00,,,,,,,,,,,,,,,,,,,,,,,,,,1.00,,,1.00,,,,,,,,,,,,1.00,,,,,,,1.00,,,,,,,,,5.00,,,4.00,,,,,,,,,,,,1.00,,,,,6.00,,,,,,,,1.00,,,,,,5.00,1.00,,5.00,,,,,,,,2.00,,,,1.00,,,1.00,,,2.00,3.00,,,,,,2.00,,,,,13.00,1.00,1.00,,1.00,,,,,,,,,,,,,,,,,,2.00,3.00,,,,,,1.00,,,,,,,,,,,,,,,,,,,,,,,1.00,,,2.00,,,,,,,,,,,,,,,1.00,,,,,,,,,,,,1.00,,,,,,,,2.00,2.00,1.00,,,,,,,,,,
Italy,,,,,,,,,,,,,,,1.00,2.00,2.00,,,,,,,,,,,,,,,,,,,,,,,,,,,,,,,,3.00,,2.00,,11.00,38.00,1.00,,,,1.00,,,1.00,,,,5.00,,,1.00,,,,,,,,,,,,,,,1.00,2.00,1.00,,,,2.00,,20.00,,,,,,,,,,,2.00,4.00,1.00,4.00,,10.00,28.00,,,28.00,,,,,5.00,,,,,,,,2.00,,,2.00,,4.00,,5.00,14.00,,10.00,,,12.00,,,,,1.00,,3.00,,1.00,,4.00,4.00,,,20.00,17.00,13.00,,,9.00,,,,2.00,2.00,,,6.00,2.00,10.00,,,22.00,11.00,,,18.00,,2.00,,,2.00,4.00,,,5.00,8.00,,2.00,,4.00,,,24.00,14.00,,,,1.00,,12.00,6.00,,,,,,4.00,8.00,,5.00,,7.00,,,21.00,,,,,10.00,,,,9.00,,3.00,2.00,,3.00,,12.00,,,23.00,,,,,,2.00,,,11.00,,1.00,,,2.00,,10.00,,5.00,17.00,,,,,5.00,2.00,2.00,,,2.00,2.00,3.00,,7.00,2.00,14.00,,5.00,23.00,,8.00,,,9.00,3.00,1.00,,12.00,1.00,,2.00,,5.00,,15.00,1.00,8.00,11.00,,3.00,,,,5.00,,1.00,,,,,,2.00,,1.00,,11.00,2.00,,6.00,,,,,7.00,3.00,1.00,,,,,,,2.00,,,,,3.00,6.00,6.00,,,,,,,,,2.00,3.00,,,1.00,2.00,1.00,1.00,,,,1.00,2.00,,12.00,,,,,1.00,,,,2.00,,,11.00,,,1.00,7.00,12.00,1.00,,,1.00,5.00,5.00,,,,,1.00,,,2.00,1.00,,,,,1.00,,7.00,,5.00,,4.00,,,19.00,,,,,1.00,5.00,,3.00,2.00,3.00,,,12.00,,1.00,1.00,,3.00,,1.00,,,,,12.00,,,,,,4.00,,7.00,,,1.00,,,,,,,1.00,,1.00,,,,,3.00,6.00,,,7.00,,,,,1.00,3.00,,7.00,,2.00,2.00,,,,,12.00,,1.00,3.00,4.00,,,,,,7.00,5.00,,,15.00,,1.00,,,2.00,,,2.00,1.00,5.00,,1.00,,,,12.00,13.00,,,3.00,2.00,,,,,1.00,4.00,4.00,,,13.00,,,,,4.00,,,12.00,2.00,2.00,,6.00,,,,,,,12.00,,,,1.00,3.00,,,12.00,,1.00,3.00,1.00,,,11.00,17.00,2.00,,,1.00,,6.00,10.00,1.00,3.00,,7.00,,,,,,,12.00,13.00,,,3.00,2.00,,,,,3.00,3.00,1.00,,,16.00,,,,,1.00,,,4.00,2.00,3.00,,2.00,,,1.00,,,,,,,1.00,3.00,1.00,,,,3.00,1.00,1.00,,,16.00,,1.00,,,1.00,,6.00,2.00,,5.00,1.00,,,2.00,,,,12.00,13.00,,,,,,,2.00,,,2.00,3.00,,7.00,,,,,,2.00,,,6.00,,,7.00,4.00,,,,,,,12.00,26.00,,1.00
Japan,,,,,,,,,,,,,,,,,,,,,,,,,,,,,,,,,,,,,,,,,,,,,,,,,,,,,,,,,,,,,,,,,,,,,,,,,,,,,,,,,,,,,,,,,,,,,,,,,,,,,,,,,,,,,,,,,,,,,,,,,,3.00,,,,,,,,,,,,,,,,,,,,,,,,1.00,,2.00,,,,,,,,,,,,7.00,,,,,,4.00,,,,1.00,,,11.00,,,,,15.00,,,,,,2.00,7.00,,,,,,,,,,,,,,,,,14.00,,,,,,,,,,,,,,,,,,,,,,,,,,,,,,,,,4.00,,,,,,6.00,,,2.00,,,,,,,,,,16.00,,,,,,5.00,,,3.00,,,1.00,,,,,,,14.00,,,,,1.00,13.00,,1.00,1.00,1.00,,1.00,,,,,,,20.00,,4.00,,,,1.00,5.00,21.00,,3.00,6.00,1.00,,1.00,,,,,,16.00,17.00,,,,,,,20.00,,3.00,5.00,,,,,,,,,,,21.00,,,4.00,,,,,3.00,24.00,,,4.00,1.00,,,,,,,,,,15.00,,,5.00,,,,,,12.00,,2.00,6.00,,,,,,,,,,,,,,,,,,,,,,,,1.00,,,,,1.00,,,,,14.00,,,5.00,,,,,1.00,,3.00,12.00,,3.00,9.00,,,,,,,,,,,7.00,,,4.00,,,,,1.00,1.00,3.00,,,,,,4.00,,2.00,,20.00,,,,,,,,,8.00,,,10.00,,,,,2.00,1.00,3.00,,,,,,1.00,,1.00,,20.00,,,,,1.00,,,,,,,,8.00,,,,2.00,,,,9.00,,,,,,1.00,,1.00,,,,,,,,,,,,,,,8.00,,,,,,15.00,7.00,11.00,,1.00,,,,,,,1.00,1.00,2.00,,24.00,,,,,3.00,,,,,9.00,,,10.00,,,,2.00,,14.00,11.00,11.00,,,,,,,,,6.00,,4.00,,,,,,,1.00,,,1.00,,7.00,,,7.00,,,,,,15.00,8.00,2.00,,,,,,,,,6.00,4.00,1.00,2.00,,,2.00,,,,,4.00,18.00,7.00,,,7.00,,,,,,17.00,,3.00,,,,,12.00,,1.00,6.00,,5.00,3.00,,,,1.00,,,,,,,7.00,,,12.00,,,,,,,10.00,10.00,7.00,,1.00,,,,,1.00,7.00
Mexico,,,,,,,,,,,,,,,,,,,,,3.00,,,,,,,,,,,,,,,,,,,,,,,,,,,,,,,,,,,,,,,,,,,,,,,,,,,,,,,,,,,,,,,,,,,,,,,,,,,,,,,,,,,,,,,,,,,,,,,,,,,,,,,,,,,,,,,,,,,,,,,,,,,,,,,,,,,,,,,,,,,,,,,,,,1.00,,,,,,,,,,1.00,,,,,,,,,11.00,1.00,,,,,,,,,,,4.00,,,,,,,,,,,,,,1.00,8.00,,,,,,,,,,,,,,,,,,1.00,,,,,,,,,,,,,,,,,,,2.00,,,,,,,,,,,,,,,,,,,1.00,,,,,,,,,,,,,,,,1.00,,,,,,,,,,,,,,,,,,,1.00,,4.00,,,1.00,,1.00,,,,,,,,2.00,,,,,,,,1.00,,,,,,,,,,,,,,,,,,,,,1.00,,1.00,,,,,,,,,,,,,,,,,,,,,,,,,,1.00,9.00,,,,,,,,,,,,,,,,,3.00,,1.00,,1.00,,,,,,,,,,,,,,,,,,,1.00,,,,1.00,,,1.00,,,,,,,,,,,,,,,,,,,,,,1.00,,,,,,,,,,,,,,,,,,,,,,,,,,,,,1.00,,,,,,,,,,,,,,,,,,,,,,,,,,,,,,,2.00,,,,,1.00,,,1.00,,,,,,,,,,,,,,,,,1.00,,,,,,1.00,,,1.00,,,,,,,1.00,,,,,,,,,,,,,,,,,,2.00,,,,,,,,,,,,,,,,,2.00,,,,,,,,,,,,,,,,,2.00,,,,,,,,2.00,,,,,,,,5.00,,,16.00,,,,,,,,,,,,,1.00,,,,,,,,,1.00,,,,1.00,,,1.00,,,,,,,,,1.00,,,,,,,,,1.00,,,,,,,
Netherlands,,,,,,,,,,,,,,,,,,1.00,,,,17.00,,3.00,5.00,1.00,,,,,,,,,,,,,,,,,,,,,,,,,6.00,,,,,,,,,,,,,,,,,12.00,,,,,,,,4.00,,,,,,,,,,,,,,11.00,15.00,,,,,,,,,,,8.00,,,,4.00,,,8.00,,14.00,,,,,,,,8.00,,,,8.00,,,,1.00,4.00,,4.00,,5.00,6.00,,,,,2.00,,3.00,,,2.00,,,,5.00,1.00,2.00,9.00,,8.00,,,10.00,11.00,,,6.00,3.00,,2.00,,,1.00,,,2.00,,4.00,,,,,,1.00,,5.00,,,,,,,2.00,,,5.00,4.00,,3.00,,,,,12.00,,,,3.00,,8.00,,,,,9.00,,,1.00,1.00,,,,,,12.00,,,3.00,,6.00,9.00,1.00,,1.00,,,,,,,,,,11.00,,,,,6.00,,,,,,,,,,,,,,,,,,,,,,,,,,,,,,,,,,,,,,3.00,,,,,,,2.00,8.00,,,,,,,1.00,,10.00,,,10.00,,,,,1.00,,,,6.00,,,,,,,,6.00,,,1.00,,,,,,,,,1.00,1.00,,,,,,,,2.00,,2.00,,,,,,,,,,,,,1.00,,,,,,,,,,,,1.00,2.00,,10.00,,,,1.00,,,,,,,,,,,,1.00,,,,,4.00,,,,,,1.00,,1.00,1.00,,,,,,,,16.00,,,,11.00,1.00,,10.00,,,,,,,,,1.00,2.00,2.00,,,,,,,32.00,1.00,,,2.00,,,5.00,,,,,,,,,1.00,,,,2.00,,4.00,,9.00,,,,,,2.00,,,2.00,1.00,,,,,,12.00,,,,,,,,,,,,3.00,,6.00,,,,,32.00,3.00,,,13.00,2.00,,,2.00,,,,12.00,,,,1.00,,,,,,,,4.00,,7.00,,,,,32.00,1.00,,,15.00,1.00,,,16.00,,,,2.00,,,,,,,,,1.00,,,,,,4.00,,1.00,,,,,32.00,4.00,,,20.00,,,,15.00,,,,,,,,,,,,,,,,,,,1.00,,4.00,,,,,16.00,5.00,,,11.00,5.00,,,7.00,,,,,,,,12.00,,,,,,,,,,3.00,,9.00,,,1.00,,33.00,2.00,,,9.00,4.00,,8.00,,,,,,,,,,,,1.00,,,2.00,1.00,,6.00,,,,,,1.00,,16.00,1.00,,,15.00,,2.00,,2.00,,,,,,,,,,
Russia,,,,,,,,,,,,,,,,,,,,,,,,,,,,,,,,,,,,,,,,,,,,,,,,,,,,,,,,,,,,,,,,,,,,,,,,,,,,,,,,,,,,,,,,,,,,,,,,,,,,,,,,,,,,,,,,,,,,,,,,,,,,,,,,,,,,,,,,,,,,,,,,,,,,,,,,,,,,,,,,,,,,,,,,,,,,,,,,,,,,,,,,,,,,,,,,,,,,,,,,,,,,,,,,,,,,,,,,,,,,,,,,,,,,,,,,,,,,,,,,,,,,,,,,,,,,,,,,,,,,,,,,,,,,,,,,,,,,,,,,,,,,,,,,,,,,,,,,,,,,,,,,,,,,,,,,,,,,,,,,,,,,,,,,,,,,,,,,,,,,,,,,,,,,,,,,,,,,,,,,,,,,,,,,,,,,,,,,,,,,,,,,,,,,,,,,,,,,,,,,,,,,,,,,,,,,,,,,,,,,,,,,,,,,,,,,,,,,,,,,,,,,,4.00,29.00,,,12.00,2.00,3.00,,3.00,,13.00,,28.00,25.00,,4.00,4.00,2.00,4.00,,8.00,30.00,,,3.00,8.00,13.00,9.00,16.00,,,,,,,,,,,,,,,,,,,,,,,,,,,,,,,,,,,,,,,,,,,,,,,,,,,,,,,,,,,,,,,,,,,,,,,,,,,,,,,,,,,,,,,,,,,,,,,,,,,,,,,,,,,,,,,,,,,,,,,,,,,,,,,,,,,,,,,,,,,,,,,,,,,,,,,,,,,,,,,,,,,,,,,,,,,,,,,,,,,,,,,,,,,,,,,,,,,,,,,
Russia,,,,,,,,,,,,,,,,,,,,,,,,,,,,,,,,,,,,,,,,,,,,,,,,,,,,,,,,,,,,,,,,,,,1.00,,,,,,,,,,,,,,,,,2.00,,,,,,,,,,1.00,7.00,5.00,,,,,1.00,,,,,,,,,,,,,,,,,,,,,,,,,,,,,,,,,,,,,,,,,,,,,,,,,,,,,,,,,,,,,,,,,,,,,,,,,,,,,,,,,,,,,,,,,,,,,,,,,,,,,,,,,,,,,,,,,,,,,,,,,,,,,,,,,,,,,,,,,,,,,,,,,,,,,,,,,,,,,,,,,,,,,,,,,,,,,,,,,,,,,,,,,,,,,,,,,,,,,,,,,,,,,,,,,,,,,,,,,,,,,,,,,,,,,,,,,,,,,,,,,,,,,,,,,,,,,,,,,,,,,,,,,,,,,,,,,,,,,,,,,,,,,,,,,,,,,,,,,,,,,,,,,,,,,,,,,,,,,,,,,,,,,,,,,,,,,,,,,,,,,,,,,,,,,,,,,,,,,,,,,,,,,,,,,,,,,,10.00,,,,,4.00,4.00,5.00,2.00,,15.00,,20.00,,,,1.00,7.00,9.00,3.00,6.00,,19.00,,,,,,3.00,7.00,,18.00,,,,,7.00,1.00,4.00,8.00,,9.00,,25.00,15.00,,3.00,1.00,8.00,4.00,,6.00,,2.00,10.00,,1.00,2.00,2.00,,24.00,25.00,3.00,9.00,,27.00,,,12.00,,6.00,5.00,5.00,6.00,,13.00,,8.00,14.00,,5.00,1.00,8.00,4.00,,10.00,,1.00,11.00,,,,1.00,,22.00,13.00,7.00,10.00,1.00,25.00,,,12.00,,3.00,5.00,4.00,8.00,,4.00,,2.00,14.00,,,1.00,7.00,,,4.00,,8.00,11.00,,,3.00,,,12.00,,7.00,11.00,,23.00,2.00,12.00,,6.00,5.00,2.00,3.00,,6.00,,12.00,,,5.00,,8.00,,,1.00,9.00,11.00,,2.00,3.00,1.00,,12.00,,6.00,11.00,3.00,,,,,4.00,2.00,4.00,,,15.00,,,16.00,15.00,,3.00,1.00,7.00,,,1.00,4.00,4.00,11.00,,1.00,2.00,,,,13.00,,9.00
Russia,,,,,,,,,,,,,,,,,,,,,,,,,,,,,,,,,,,,,,,,,,,,,,,,,,,,,,,,,,,,,,,,,,,,,,,,,,,,,,,,,,,,,,,,,,,,,,,,,,,,,,,,,,,,,,,,,,,,,,,,,,,,,,,,,,,,,,,,,,,,,,,,,,,,,,,,,,,,,,,,,,,,,,,,,,,,,,,,,,,,,,,,,,,,,,,,,,,,,,,,,,,,,,,,,,,,,,,,,,,,,,,,,,20.00,14.00,6.00,1.00,,,,,,43.00,,,12.00,,4.00,,,7.00,10.00,25.00,12.00,6.00,10.00,,,,6.00,18.00,38.00,,3.00,8.00,,8.00,5.00,10.00,7.00,13.00,24.00,12.00,5.00,6.00,12.00,1.00,1.00,20.00,,36.00,,3.00,12.00,3.00,7.00,,11.00,6.00,10.00,18.00,12.00,9.00,8.00,2.00,1.00,4.00,18.00,,29.00,,4.00,5.00,3.00,,2.00,8.00,23.00,11.00,7.00,10.00,16.00,12.00,6.00,9.00,,2.00,4.00,23.00,,28.00,,4.00,11.00,1.00,5.00,22.00,23.00,11.00,6.00,9.00,1.00,20.00,12.00,2.00,12.00,7.00,1.00,4.00,23.00,19.00,26.00,,,4.00,5.00,3.00,3.00,4.00,14.00,24.00,11.00,5.00,14.00,2.00,27.00,24.00,5.00,17.00,8.00,3.00,,15.00,15.00,27.00,28.00,,5.00,1.00,39.00,3.00,3.00,14.00,24.00,,8.00,18.00,3.00,56.00,24.00,8.00,12.00,13.00,6.00,16.00,24.00,17.00,32.00,27.00,32.00,5.00,5.00,52.00,6.00,5.00,40.00,23.00,11.00,8.00,17.00,,,,,,,,,,,,,,,,,,,,,,,,,,1.00,36.00,24.00,4.00,12.00,11.00,,,17.00,18.00,29.00,29.00,,5.00,1.00,2.00,15.00,4.00,11.00,21.00,,,,24.00,13.00,8.00,15.00,,,,,,,,,,,,,,,,,,,,,,,,,,,,,,,,,,,,,,,,,,,,,,,,,,,,,,,,,,,,,,,,,,,,,,,,,,,,,,,,,,,,,,,,,,,,,,,,,,,,,,,,,,,,,,,,,,,,,,,,,,,,,,,,,,,,,,,,,,,,,,,,,,,,,,,,,,,,,,,,,,,,,,,,,,,,,,,,,,,,,,,,,,,,,,,,,,,,,,,,,,,,,,,,,,,,,,,,,,,,,,,,,,,,
South Korea,,,,,,,,,,,,,,,,,,,,,,,,,,,,,,,,,,,,,,,,,,,,,,,,,,,,,,,,,,,,,,,,,,,,,,,,,,,,,,,,,,,,,,,,,,,,,,,,,,,,,,,,,,,,,,,,,,,,,,,,,,,,,,,,,,,,,,,,,,,,,,,,,,,,,,,,,,,,,,,,,,,,,,,,,,,,,,,,,,,,,,,,,,,,,,,,,,,,,,,,,,,,,,,,,1.00,,,,,,,,,,,,,,,1.00,,,,1.00,,,,,,,,,,,,,,,1.00,,,,1.00,,,,,,,,,,,,,,,1.00,,,,,,,,,,,,,,,,,,,,,,,1.00,,,,,,,,,1.00,,,,,,,,,1.00,,,2.00,,,,,,,,,,,,,,,,,,,,,,,,,,,,,,,1.00,,,,,,,,,,,,,,,,,,,,,,,3.00,,,,,,12.00,,,2.00,,,,,,,,,,,,,,,,,,,,,,,,2.00,,11.00,3.00,,,,,,,,13.00,,5.00,,,,,,,,,,,7.00,10.00,,,4.00,,,,,,,1.00,25.00,16.00,3.00,,,,,1.00,,,6.00,,,,2.00,9.00,6.00,1.00,7.00,,,2.00,,,,,,,1.00,13.00,,4.00,,,,,2.00,,,8.00,,,,1.00,4.00,8.00,1.00,7.00,,,,1.00,,,,,,,1.00,16.00,16.00,8.00,,,,,,,,,4.00,,,,,4.00,9.00,,4.00,24.00,,,,,,,,2.00,,2.00,,16.00,5.00,,,,,1.00,,,,2.00,4.00,,,,,,,4.00,8.00,,7.00,,,,2.00,,,,,,,2.00,15.00,,3.00,,,,,3.00,,,,4.00,4.00,,,,,,2.00,2.00,9.00,,6.00,24.00,,,1.00,,,,,1.00,,1.00,14.00,,4.00,,,,,2.00,,2.00,,6.00,4.00,,,,,,3.00,1.00,8.00,,2.00,,,1.00,,,,,15.00,18.00,1.00,,,3.00,,,,,5.00,2.00,,3.00,2.00,,,,,,,1.00,9.00,,2.00,,,,,,,,2.00,,1.00,,,,3.00,,,,,,2.00,,,,5.00,,,,,,1.00,1.00
Spain,,,,,,,,,,,,2.00,,,,,,,,,,,,,,,,,,,,,,,,,,,,,,,,,,,,,,,,,,,,,,,,,,,,,,,,,,,,,,,,,,,,,,,,,,,,,,,,,,,,,,,,,,,,,,,,,,,18.00,,,,,5.00,,,,,,,,,,,,,,,,,,,,,,,,,,,,,,,,,,,,3.00,,,,,,,,,,,,,,,,,,,,,,,,1.00,,,,,,,,,,,,,,,,,,,,,,,,,,,,,,,,,,,,,3.00,,,,,,,,,,,,,,,,,,,,,,,,,,,1.00,,,,,,,,,,,,,,,,,,,,,,,,,,,,,,,,,,14.00,,,,,,,,,,,,,,,,,,,,,,,,,,,,,,,,,,,,,,,,,,,,,,,,,,,,,1.00,,,,,,,,,,,,,,,,,,,,,,,,4.00,,,,,,,,,,,,2.00,,,,,,,,1.00,,,4.00,,,,,,,,16.00,,,,2.00,,1.00,,,,,,1.00,12.00,,2.00,,,,,,,,,,,,2.00,2.00,,,,,,,,,,,,,,,,,,,,,,,,,1.00,1.00,1.00,,,2.00,,,,,3.00,4.00,,,,1.00,,1.00,,,,17.00,,,15.00,2.00,,1.00,,8.00,,1.00,,,4.00,,12.00,,,,2.00,,,,,1.00,,2.00,,,,,,16.00,16.00,3.00,,6.00,,4.00,,,,,,4.00,,12.00,,,,1.00,,,,,1.00,,2.00,,,,17.00,1.00,15.00,,1.00,,,,,,,1.00,,,1.00,2.00,,,,,,,,3.00,,,,2.00,,2.00,8.00,,5.00,,,2.00,,,,,,,5.00,1.00,,,,,,2.00,,,,,,,,,,,12.00,,,4.00,5.00,,,1.00,,1.00,14.00,16.00,,,,,4.00,,,,10.00,,,3.00,,,,,,,,,,12.00,,,3.00,,,,,,,15.00,,,,,,4.00,,2.00,10.00,,3.00,,,1.00,,12.00,,1.00,,2.00,1.00,24.00,,,5.00,1.00,,,,,,,,,,,5.00,,,,,2.00,,,2.00,2.00,,,,,1.00,
Sweden,,,,,,,,,,,1.00,,,,,,,,,,,,,,,,,3.00,,,,,,,,,,,,,,,,,,,,11.00,,,,,,,2.00,,,8.00,,,,5.00,,,3.00,,3.00,,38.00,,,,,,,,,5.00,16.00,2.00,3.00,,7.00,2.00,,33.00,12.00,7.00,12.00,,,24.00,3.00,5.00,26.00,42.00,1.00,6.00,8.00,7.00,4.00,,,26.00,,5.00,5.00,16.00,,3.00,,24.00,,,3.00,,,,11.00,35.00,8.00,,,10.00,2.00,6.00,,8.00,,4.00,2.00,10.00,1.00,18.00,,3.00,,,,,10.00,12.00,,,,4.00,,7.00,2.00,5.00,1.00,7.00,,,,,2.00,,7.00,2.00,,,4.00,,1.00,1.00,2.00,4.00,,5.00,,,,2.00,,6.00,1.00,,,,10.00,,,1.00,2.00,,1.00,4.00,,,3.00,6.00,,,,,,,,7.00,2.00,,,,9.00,2.00,16.00,,1.00,6.00,,,5.00,6.00,12.00,,,2.00,,8.00,3.00,,,1.00,13.00,3.00,,2.00,6.00,,,8.00,6.00,12.00,9.00,,4.00,,7.00,3.00,2.00,,,8.00,1.00,,,2.00,,,5.00,,,8.00,,1.00,5.00,6.00,2.00,,,,4.00,1.00,,,3.00,,,,,,,,,,,,1.00,,,2.00,1.00,,,3.00,4.00,,,,,,,,,,5.00,,,,,,2.00,,,,,5.00,,,,,,,1.00,,3.00,,,,,,,1.00,1.00,,1.00,1.00,,2.00,4.00,,,,,,,,,6.00,1.00,2.00,,,1.00,2.00,,1.00,,,,1.00,1.00,,5.00,,,,,,,,2.00,,,,,,,,,,,,,,,1.00,,,,,,3.00,,2.00,2.00,10.00,,,,2.00,,3.00,,,14.00,,,3.00,1.00,,,,,,1.00,,,,1.00,7.00,,,,,4.00,,1.00,,2.00,,4.00,,,,,,,,,,,,2.00,1.00,1.00,,1.00,3.00,,,,1.00,,1.00,,,,,8.00,,,,,,,16.00,,,,,,,1.00,6.00,,1.00,,,,,2.00,1.00,1.00,,,,,,6.00,,,,,,,16.00,,,,,,2.00,,,4.00,,,,,,,1.00,,1.00,,,,,,2.00,,,,,,,15.00,,,,,,1.00,2.00,,9.00,,1.00,,,,,,,,1.00,,3.00,,,,,,2.00,,,4.00,,,,,,,,,,2.00,,,,,,,,,,,,,1.00,,,,,,,,,2.00,,1.00,,,,,,,,,,2.00,,,,,,,2.00,,,,,,,,,,,,,,,,1.00,,,,14.00,,,,,,3.00,1.00,,,,,,,1.00,,,,2.00,,,,,,,,2.00,,1.00,,18.00,1.00,,,,,,,,,,1.00,3.00,,,,,,,,,,2.00
UK,2.00,2.00,,,,,3.00,2.00,,,12.00,,21.00,,1.00,,,12.00,2.00,,6.00,1.00,15.00,14.00,,3.00,14.00,,7.00,,2.00,,,,,,,,,,,,,,,,,9.00,6.00,,4.00,8.00,,,4.00,8.00,,,,,5.00,21.00,14.00,14.00,,6.00,8.00,11.00,1.00,45.00,2.00,12.00,6.00,12.00,10.00,32.00,15.00,37.00,45.00,10.00,20.00,24.00,7.00,11.00,,22.00,13.00,1.00,,6.00,14.00,23.00,,24.00,,31.00,12.00,9.00,8.00,7.00,,,1.00,25.00,6.00,9.00,1.00,,,2.00,,,14.00,,,4.00,10.00,,4.00,,8.00,10.00,8.00,7.00,,2.00,1.00,22.00,4.00,2.00,1.00,,1.00,,,,4.00,5.00,,5.00,6.00,7.00,5.00,,,1.00,2.00,8.00,,11.00,,,1.00,,12.00,,,16.00,,7.00,,,1.00,,1.00,14.00,,6.00,,,1.00,,,,6.00,2.00,,5.00,,,,,,,13.00,,,,4.00,,3.00,,,,,,,4.00,6.00,6.00,,,,,,4.00,10.00,,2.00,,12.00,,3.00,,,,12.00,,13.00,2.00,,1.00,,2.00,,8.00,,,,4.00,,3.00,,,,13.00,,,1.00,,1.00,,,1.00,13.00,,5.00,,9.00,,7.00,1.00,,,,,,9.00,,2.00,,,,11.00,,3.00,,,2.00,1.00,7.00,,,,,,,,3.00,,1.00,,18.00,,,,,,1.00,1.00,,,,,,4.00,2.00,,1.00,,,1.00,,4.00,,1.00,,,,7.00,,,,,,,5.00,1.00,1.00,,,,,,7.00,,3.00,,4.00,,6.00,,,,,,3.00,,,4.00,1.00,1.00,,,,,,1.00,,1.00,,4.00,,,,,,,,2.00,3.00,11.00,4.00,,6.00,,,,,,16.00,,1.00,,,,,,,,,,2.00,,15.00,,,13.00,,,,,,22.00,,1.00,,,,9.00,,,,,15.00,3.00,,,5.00,2.00,4.00,8.00,,,,1.00,1.00,3.00,12.00,,1.00,,,,6.00,,,,,16.00,1.00,3.00,,5.00,2.00,2.00,3.00,,,,,,,,4.00,14.00,,,,1.00,1.00,1.00,,,,,,,16.00,4.00,,,5.00,3.00,,1.00,,,,,,,,,11.00,,,,,,,2.00,,,,,,,,,,,6.00,3.00,,,2.00,,,2.00,,,,,,6.00,2.00,,,,1.00,2.00,10.00,,4.00,,,,,,1.00,2.00,,17.00,7.00,2.00,,,,,,,,,,,,,1.00,7.00,2.00,,,,1.00,3.00,10.00,2.00,7.00,,,,,,,1.00,,12.00,9.00,,,2.00,,,,,,,,,,,,8.00,,,,,3.00,3.00,19.00,,6.00,,,1.00,,,,1.00,,23.00,10.00,,,6.00,,,1.00,,,,,,,,,6.00,,,,5.00,7.00,19.00,1.00,14.00,,,8.00,,16.00,2.00,1.00,,28.00,8.00,1.00,3.00,,,2.00,3.00,,2.00,,,,,,14.00,2.00,,,3.00,6.00,20.00,5.00,6.00,,,1.00,6.00,,16.00,1.00,,,26.00,12.00,4.00,2.00,13.00,,,3.00,1.00,1.00,3.00,,,,
USA,17.00,,,,3.00,,,,,,39.00,,,,1.00,,,,4.00,,4.00,9.00,1.00,2.00,,,3.00,,,28.00,72.00,18.00,21.00,2.00,13.00,23.00,33.00,44.00,12.00,3.00,36.00,22.00,12.00,14.00,21.00,3.00,17.00,23.00,,,,,,,,1.00,,,,,1.00,41.00,,,1.00,,,,,,1.00,,,,,,,,14.00,5.00,,,,2.00,1.00,49.00,10.00,,4.00,,,,,,,36.00,7.00,,,,,,,36.00,4.00,,8.00,,5.00,1.00,,,,11.00,,4.00,17.00,16.00,,64.00,22.00,,,,,6.00,,48.00,6.00,,11.00,1.00,,,1.00,,4.00,20.00,19.00,,21.00,26.00,10.00,9.00,,6.00,,34.00,3.00,,9.00,,1.00,,,,,18.00,,21.00,,,2.00,,7.00,44.00,5.00,,12.00,9.00,13.00,20.00,14.00,1.00,15.00,19.00,,16.00,7.00,2.00,5.00,,,1.00,34.00,14.00,2.00,1.00,,10.00,1.00,,,,,,1.00,,10.00,,,17.00,,1.00,4.00,,33.00,14.00,1.00,5.00,,10.00,7.00,6.00,,8.00,,1.00,18.00,10.00,2.00,25.00,,8.00,4.00,40.00,14.00,5.00,1.00,,9.00,6.00,,,,,,16.00,12.00,2.00,19.00,,6.00,4.00,40.00,12.00,3.00,,,9.00,,,,,,3.00,21.00,3.00,1.00,22.00,,7.00,2.00,32.00,12.00,4.00,,,6.00,3.00,1.00,,,,4.00,7.00,5.00,2.00,40.00,,6.00,3.00,33.00,12.00,4.00,3.00,,8.00,4.00,,,,,1.00,3.00,19.00,11.00,7.00,61.00,,,2.00,1.00,37.00,12.00,7.00,,,6.00,6.00,,,,,,4.00,5.00,3.00,83.00,,,1.00,2.00,2.00,28.00,12.00,4.00,1.00,,3.00,9.00,,,,,,,,9.00,8.00,4.00,74.00,,11.00,,6.00,2.00,31.00,24.00,7.00,,,5.00,9.00,,,1.00,,,1.00,,12.00,7.00,3.00,55.00,,,1.00,6.00,,,,,,,,,,,,,,,,,,,,,,,,2.00,56.00,24.00,11.00,1.00,16.00,8.00,11.00,1.00,,26.00,,16.00,2.00,3.00,,38.00,13.00,6.00,63.00,3.00,24.00,13.00,2.00,13.00,7.00,40.00,24.00,8.00,3.00,1.00,5.00,5.00,,,1.00,,,2.00,,,14.00,10.00,1.00,45.00,3.00,,7.00,12.00,13.00,,6.00,,48.00,,,24.00,3.00,4.00,2.00,3.00,5.00,,,11.00,,,1.00,,,10.00,16.00,2.00,56.00,3.00,,4.00,24.00,,,8.00,4.00,39.00,,20.00,24.00,4.00,6.00,1.00,3.00,2.00,13.00,,15.00,11.00,,,1.00,,,12.00,4.00,3.00,15.00,60.00,10.00,,4.00,,,,8.00,4.00,28.00,,24.00,23.00,2.00,4.00,,2.00,1.00,9.00,,13.00,6.00,,,,1.00,,6.00,8.00,3.00,15.00,66.00,,,1.00,4.00,,,,13.00,2.00,7.00,,38.00,,,24.00,4.00,2.00,1.00,2.00,,15.00,2.00,17.00,19.00,,,1.00,,,18.00,4.00,3.00,15.00,65.00,11.00,,2.00,1.00,,1.00,,12.00,,6.00,,32.00,,24.00,24.00,4.00,1.00,,5.00,,6.00,13.00,17.00,20.00,,,1.00,,,19.00,2.00,6.00,15.00,68.00,,,3.00,4.00,,,24.00,26.00,,3.00,3.00,42.00,,24.00,4.00,2.00,,7.00,7.00,,4.00,17.00,10.00,,,2.00,,,17.00,,4.00,68.00,,,2.00,7.00,,,12.00,12.00,,4.00,4.00,46.00,,24.00,2.00,3.00,,8.00,5.00,9.00,10.00,,1.00,16.00,,,2.00,,,10.00,,1.00,3.00,71.00,,,1.00,6.00,,1.00,24.00,13.00,1.00,3.00
